{"cameraMode":{"drawMode":0,"name":"Shaded","section":"Shading Mode"},"sceneLighting":true,"audioPlay":false,"sceneViewState":{"showFog":true,"showMaterialUpdate":false,"showSkybox":true,"showFlares":true,"showImageEffects":true,"showParticleSystems":true},"in2DMode":false,"pivot":{"x":2.3488242626190187,"y":0.6528692245483398,"z":-2.9159140586853029},"rotation":{"x":0.2456592619419098,"y":0.5364881753921509,"z":-0.16743580996990205,"w":0.789997398853302},"size":13.441017150878907,"orthographic":false}